INSERT INTO zonas(id_zona, nombre_zona) values (1, 'ACM830827CW6');
INSERT INTO zonas(id_zona, nombre_zona) values (2, 'ACQ980113CL5');
INSERT INTO zonas(id_zona, nombre_zona) values (3, 'AME110623A956');
INSERT INTO zonas(id_zona, nombre_zona) values (17, 'ARI181123KT3');
INSERT INTO zonas(id_zona, nombre_zona) values (18, 'ASE190412AIA');


INSERT INTO agencias(
	id_agencia, id_zona, nombre_agencia)
	VALUES (1, 1, 'AUTOCOM MADERO');
	
INSERT INTO agencias(
	id_agencia, id_zona, nombre_agencia)
	VALUES (2, 1, 'AUTOCOM URIANGATO');
	
INSERT INTO agencias(
	id_agencia, id_zona, nombre_agencia)
	VALUES (3, 1, 'AUTOCOM PATZCUARO');
	
INSERT INTO agencias(
	id_agencia, id_zona, nombre_agencia)
	VALUES (4, 1, 'AUTOCOM TACAMBARO');
	
INSERT INTO agencias(
	id_agencia, id_zona, nombre_agencia)
	VALUES (5, 1, 'AUTOCOM CHAPULTEPEC');
	
INSERT INTO agencias(
	id_agencia, id_zona, nombre_agencia)
	VALUES (6, 1, 'AUTOCOM ACAMBARO');

INSERT INTO agencias(
	id_agencia, id_zona, nombre_agencia)
	VALUES (7, 1, 'AUTOCOM ZITACUARO');

INSERT INTO agencias(
	id_agencia, id_zona, nombre_agencia)
	VALUES (10, 1, 'AUTOCOM HUETAMO');

INSERT INTO agencias(
	id_agencia, id_zona, nombre_agencia)
	VALUES (11, 1, 'AUTOCOM URUAPAN');
	
INSERT INTO agencias(
	id_agencia, id_zona, nombre_agencia)
	VALUES (12, 1, 'AUTOCOM LOS REYES');
	
INSERT INTO agencias(
	id_agencia, id_zona, nombre_agencia)
	VALUES (13, 1, 'AUTOCOM ZAMORA');
	
INSERT INTO agencias(
	id_agencia, id_zona, nombre_agencia)
	VALUES (14, 1, 'AUTOCOM SAHUAYO');
	
INSERT INTO agencias(
	id_agencia, id_zona, nombre_agencia)
	VALUES (15, 2, 'AUTOCOM CONSTITUYENTES');
	
INSERT INTO agencias(
	id_agencia, id_zona, nombre_agencia)
	VALUES (16, 2, 'AUTOCOM CRAA');
	
INSERT INTO agencias(
	id_agencia, id_zona, nombre_agencia)
	VALUES (17, 2, 'AUTOCOM ZARAGOZA');
	
INSERT INTO agencias(
	id_agencia, id_zona, nombre_agencia)
	VALUES (18, 2, 'AUTOCOM BERNARDO QUINTANA');

INSERT INTO agencias(
	id_agencia, id_zona, nombre_agencia)
	VALUES (20, 2, 'AUTOCOM SAN JUAN DEL RIO');

INSERT INTO agencias(
	id_agencia, id_zona, nombre_agencia)
	VALUES (21, 2, 'AUTOCOM CELAYA');
	
INSERT INTO agencias(
	id_agencia, id_zona, nombre_agencia)
	VALUES (23, 3, 'AUTOCOM POLANCO');
	
INSERT INTO agencias(
	id_agencia, id_zona, nombre_agencia)
	VALUES (24, 3, 'AUTOCOM SATELITE');

INSERT INTO agencias(
	id_agencia, id_zona, nombre_agencia)
	VALUES (25, 3, 'AUTOCOM QUERETARO');
	
INSERT INTO agencias(
	id_agencia, id_zona, nombre_agencia)
	VALUES (29, 17, 'AUTOCOM RIDERS PUEBLA');
	
INSERT INTO agencias(
	id_agencia, id_zona, nombre_agencia)
	VALUES (36, 18, 'SEMINUEVOS QUERETARO NTE');

INSERT INTO agencias(
	id_agencia, id_zona, nombre_agencia)
	VALUES (37, 18, 'SEMINUEVOS MORELIA PTE');
	
INSERT INTO agencias(
	id_agencia, id_zona, nombre_agencia)
	VALUES (38, 18, 'SEMINUEVOS QUERETARO SUR');
	
INSERT INTO agencias(
	id_agencia, id_zona, nombre_agencia)
	VALUES (39, 18, 'SEMINUEVOS CELAYA');
	
INSERT INTO agencias(
	id_agencia, id_zona, nombre_agencia)
	VALUES (40, 18, 'SEMINUEVOS PUEBLA');
	
INSERT INTO agencias(
	id_agencia, id_zona, nombre_agencia)
	VALUES (41, 18, 'SEMINUEVOS SATELITE');
	
	
	
INSERT INTO servicios(
	id_servicio, descripcion)
	VALUES (1, 'Serivicio de 10,000 Km');

INSERT INTO servicios(
	id_servicio, descripcion)
	VALUES (2, 'Serivicio de 20,000 Km');

INSERT INTO servicios(
	id_servicio, descripcion)
	VALUES (3, 'Serivicio de 30,000 Km');

INSERT INTO servicios(
	id_servicio, descripcion)
	VALUES (4, 'Serivicio de 40,000 Km');

INSERT INTO servicios(
	id_servicio, descripcion)
	VALUES (5, 'Serivicio de 50,000 Km');

INSERT INTO servicios(
	id_servicio, descripcion)
	VALUES (6, 'Serivicio de 60,000 Km');

INSERT INTO servicios(
	id_servicio, descripcion)
	VALUES (7, 'Serivicio de 70,000 Km');

INSERT INTO servicios(
	id_servicio, descripcion)
	VALUES (8, 'Serivicio de 80,000 Km');
	

INSERT INTO servicios(
	id_servicio, descripcion)
	VALUES (9, 'Serivicio de 90,000 Km');
	
INSERT INTO servicios(
	id_servicio, descripcion)
	VALUES (10, 'Serivicio de 100,000 Km');
	
	
